d,model,num_iters
1,simple_tgp_multi,3
1,simple_tgp_multi,1
1,simple_tgp_multi,2
1,simple_tgp_multi,10
1,simple_tgp_multi,0
1,simple_tgp_multi,6
1,simple_tgp_multi,7
1,simple_tgp_multi,3
1,simple_tgp_multi,5
1,simple_tgp_multi,0
1,simple_tgp_multi,4
1,simple_tgp_multi,4
1,simple_tgp_multi,3
1,simple_tgp_multi,10
1,simple_tgp_multi,0
1,simple_tgp_multi,1
1,simple_tgp_multi,16
1,simple_tgp_multi,0
1,simple_tgp_multi,1
1,simple_tgp_multi,3
1,simple_tgp_multi,7
1,simple_tgp_multi,1
1,simple_tgp_multi,0
1,simple_tgp_multi,5
1,simple_tgp_multi,0
1,simple_tgp_multi,0
1,simple_tgp_multi,12
1,simple_tgp_multi,1
1,simple_tgp_multi,5
1,simple_tgp_multi,15
2,simple_tgp_multi,16
2,simple_tgp_multi,6
2,simple_tgp_multi,7
2,simple_tgp_multi,7
2,simple_tgp_multi,2
2,simple_tgp_multi,14
2,simple_tgp_multi,10
2,simple_tgp_multi,6
2,simple_tgp_multi,8
2,simple_tgp_multi,10
2,simple_tgp_multi,10
2,simple_tgp_multi,10
2,simple_tgp_multi,9
2,simple_tgp_multi,7
2,simple_tgp_multi,3
2,simple_tgp_multi,11
2,simple_tgp_multi,5
2,simple_tgp_multi,7
2,simple_tgp_multi,14
2,simple_tgp_multi,2
2,simple_tgp_multi,11
2,simple_tgp_multi,24
2,simple_tgp_multi,7
2,simple_tgp_multi,11
2,simple_tgp_multi,6
2,simple_tgp_multi,13
2,simple_tgp_multi,15
2,simple_tgp_multi,5
2,simple_tgp_multi,10
2,simple_tgp_multi,5
3,simple_tgp_multi,30
3,simple_tgp_multi,28
3,simple_tgp_multi,55
3,simple_tgp_multi,43
3,simple_tgp_multi,70
3,simple_tgp_multi,28
3,simple_tgp_multi,24
3,simple_tgp_multi,27
3,simple_tgp_multi,51
3,simple_tgp_multi,46
3,simple_tgp_multi,23
3,simple_tgp_multi,43
3,simple_tgp_multi,28
3,simple_tgp_multi,42
3,simple_tgp_multi,29
3,simple_tgp_multi,23
3,simple_tgp_multi,13
3,simple_tgp_multi,28
3,simple_tgp_multi,18
3,simple_tgp_multi,41
3,simple_tgp_multi,21
3,simple_tgp_multi,40
3,simple_tgp_multi,28
3,simple_tgp_multi,53
3,simple_tgp_multi,15
3,simple_tgp_multi,27
3,simple_tgp_multi,15
3,simple_tgp_multi,30
3,simple_tgp_multi,35
3,simple_tgp_multi,26
4,simple_tgp_multi,62
4,simple_tgp_multi,142
4,simple_tgp_multi,81
4,simple_tgp_multi,90
4,simple_tgp_multi,119
4,simple_tgp_multi,58
4,simple_tgp_multi,78
4,simple_tgp_multi,84
4,simple_tgp_multi,107
4,simple_tgp_multi,57
4,simple_tgp_multi,151
4,simple_tgp_multi,150
4,simple_tgp_multi,206
4,simple_tgp_multi,183
4,simple_tgp_multi,67
4,simple_tgp_multi,79
4,simple_tgp_multi,82
4,simple_tgp_multi,83
4,simple_tgp_multi,89
4,simple_tgp_multi,90
4,simple_tgp_multi,101
4,simple_tgp_multi,119
4,simple_tgp_multi,107
4,simple_tgp_multi,95
4,simple_tgp_multi,72
4,simple_tgp_multi,81
4,simple_tgp_multi,50
4,simple_tgp_multi,96
4,simple_tgp_multi,110
4,simple_tgp_multi,75
5,simple_tgp_multi,227
5,simple_tgp_multi,266
5,simple_tgp_multi,225
5,simple_tgp_multi,185
5,simple_tgp_multi,183
5,simple_tgp_multi,423
5,simple_tgp_multi,189
5,simple_tgp_multi,164
5,simple_tgp_multi,168
5,simple_tgp_multi,287
5,simple_tgp_multi,284
5,simple_tgp_multi,224
5,simple_tgp_multi,129
5,simple_tgp_multi,248
5,simple_tgp_multi,264
5,simple_tgp_multi,182
5,simple_tgp_multi,236
5,simple_tgp_multi,234
5,simple_tgp_multi,213
5,simple_tgp_multi,186
5,simple_tgp_multi,159
5,simple_tgp_multi,228
5,simple_tgp_multi,559
5,simple_tgp_multi,263
5,simple_tgp_multi,172
5,simple_tgp_multi,208
5,simple_tgp_multi,206
5,simple_tgp_multi,219
5,simple_tgp_multi,280
5,simple_tgp_multi,247
6,simple_tgp_multi,631
6,simple_tgp_multi,747
6,simple_tgp_multi,635
6,simple_tgp_multi,657
6,simple_tgp_multi,703
6,simple_tgp_multi,533
6,simple_tgp_multi,477
6,simple_tgp_multi,415
6,simple_tgp_multi,401
6,simple_tgp_multi,445
6,simple_tgp_multi,593
6,simple_tgp_multi,1767
6,simple_tgp_multi,642
6,simple_tgp_multi,476
6,simple_tgp_multi,447
6,simple_tgp_multi,659
6,simple_tgp_multi,331
6,simple_tgp_multi,673
6,simple_tgp_multi,639
6,simple_tgp_multi,815
6,simple_tgp_multi,516
6,simple_tgp_multi,692
6,simple_tgp_multi,620
6,simple_tgp_multi,477
6,simple_tgp_multi,443
6,simple_tgp_multi,532
6,simple_tgp_multi,647
6,simple_tgp_multi,510
6,simple_tgp_multi,1109
6,simple_tgp_multi,450
7,simple_tgp_multi,1496
7,simple_tgp_multi,1001
7,simple_tgp_multi,1497
7,simple_tgp_multi,1608
7,simple_tgp_multi,1284
7,simple_tgp_multi,1704
7,simple_tgp_multi,1384
7,simple_tgp_multi,1359
7,simple_tgp_multi,2482
7,simple_tgp_multi,2520
7,simple_tgp_multi,1499
7,simple_tgp_multi,1611
7,simple_tgp_multi,1211
7,simple_tgp_multi,2182
7,simple_tgp_multi,2819
7,simple_tgp_multi,1488
7,simple_tgp_multi,2163
7,simple_tgp_multi,1566
7,simple_tgp_multi,863
7,simple_tgp_multi,1652
7,simple_tgp_multi,1428
7,simple_tgp_multi,1461
7,simple_tgp_multi,1710
7,simple_tgp_multi,2161
7,simple_tgp_multi,1394
7,simple_tgp_multi,2357
7,simple_tgp_multi,1951
7,simple_tgp_multi,1215
7,simple_tgp_multi,3651
7,simple_tgp_multi,1761
8,simple_tgp_multi,4748
8,simple_tgp_multi,5313
8,simple_tgp_multi,6195
8,simple_tgp_multi,3770
8,simple_tgp_multi,6508
8,simple_tgp_multi,5213
8,simple_tgp_multi,7217
8,simple_tgp_multi,7885
8,simple_tgp_multi,4073
8,simple_tgp_multi,4702
8,simple_tgp_multi,2996
8,simple_tgp_multi,10221
8,simple_tgp_multi,3675
8,simple_tgp_multi,7929
8,simple_tgp_multi,5616
8,simple_tgp_multi,3667
8,simple_tgp_multi,4260
8,simple_tgp_multi,4695
8,simple_tgp_multi,6443
8,simple_tgp_multi,6696
8,simple_tgp_multi,3697
8,simple_tgp_multi,4473
8,simple_tgp_multi,10476
8,simple_tgp_multi,5563
8,simple_tgp_multi,6095
8,simple_tgp_multi,6515
8,simple_tgp_multi,4571
8,simple_tgp_multi,7036
8,simple_tgp_multi,8127
8,simple_tgp_multi,4176
9,simple_tgp_multi,31721
9,simple_tgp_multi,50338
9,simple_tgp_multi,20114
9,simple_tgp_multi,15066
9,simple_tgp_multi,19032
9,simple_tgp_multi,29493
9,simple_tgp_multi,38286
9,simple_tgp_multi,32133
9,simple_tgp_multi,13665
9,simple_tgp_multi,30644
9,simple_tgp_multi,21875
9,simple_tgp_multi,27579
9,simple_tgp_multi,24308
9,simple_tgp_multi,29812
9,simple_tgp_multi,17758
9,simple_tgp_multi,19464
9,simple_tgp_multi,14283
9,simple_tgp_multi,15205
9,simple_tgp_multi,21888
9,simple_tgp_multi,20690
9,simple_tgp_multi,17793
9,simple_tgp_multi,21369
9,simple_tgp_multi,34652
9,simple_tgp_multi,19876
9,simple_tgp_multi,18836
9,simple_tgp_multi,18239
9,simple_tgp_multi,21655
9,simple_tgp_multi,30268
9,simple_tgp_multi,10501
9,simple_tgp_multi,22835
10,simple_tgp_multi,92937
10,simple_tgp_multi,52573
10,simple_tgp_multi,61050
10,simple_tgp_multi,79112
10,simple_tgp_multi,94669
10,simple_tgp_multi,72669
10,simple_tgp_multi,69674
10,simple_tgp_multi,79196
10,simple_tgp_multi,99336
10,simple_tgp_multi,87348
10,simple_tgp_multi,146622
10,simple_tgp_multi,74387
10,simple_tgp_multi,67199
10,simple_tgp_multi,84625
10,simple_tgp_multi,83284
10,simple_tgp_multi,102593
10,simple_tgp_multi,50027
10,simple_tgp_multi,150647
10,simple_tgp_multi,47703
10,simple_tgp_multi,75374
10,simple_tgp_multi,108998
10,simple_tgp_multi,66081
10,simple_tgp_multi,85335
10,simple_tgp_multi,75297
10,simple_tgp_multi,110899
10,simple_tgp_multi,66720
10,simple_tgp_multi,72990
10,simple_tgp_multi,97433
10,simple_tgp_multi,72213
1,simple_tgp_single,12
1,simple_tgp_single,4
1,simple_tgp_single,6
1,simple_tgp_single,8
1,simple_tgp_single,6
1,simple_tgp_single,8
1,simple_tgp_single,40
1,simple_tgp_single,6
1,simple_tgp_single,4
1,simple_tgp_single,12
1,simple_tgp_single,10
1,simple_tgp_single,14
1,simple_tgp_single,8
1,simple_tgp_single,8
1,simple_tgp_single,8
1,simple_tgp_single,10
1,simple_tgp_single,10
1,simple_tgp_single,26
1,simple_tgp_single,4
1,simple_tgp_single,4
1,simple_tgp_single,8
1,simple_tgp_single,10
1,simple_tgp_single,4
1,simple_tgp_single,8
1,simple_tgp_single,18
1,simple_tgp_single,8
1,simple_tgp_single,16
1,simple_tgp_single,4
1,simple_tgp_single,12
1,simple_tgp_single,10
2,simple_tgp_single,34
2,simple_tgp_single,24
2,simple_tgp_single,38
2,simple_tgp_single,16
2,simple_tgp_single,44
2,simple_tgp_single,26
2,simple_tgp_single,92
2,simple_tgp_single,8
2,simple_tgp_single,58
2,simple_tgp_single,20
2,simple_tgp_single,36
2,simple_tgp_single,80
2,simple_tgp_single,22
2,simple_tgp_single,42
2,simple_tgp_single,36
2,simple_tgp_single,26
2,simple_tgp_single,30
2,simple_tgp_single,52
2,simple_tgp_single,38
2,simple_tgp_single,24
2,simple_tgp_single,36
2,simple_tgp_single,30
2,simple_tgp_single,20
2,simple_tgp_single,48
2,simple_tgp_single,8
2,simple_tgp_single,16
2,simple_tgp_single,34
2,simple_tgp_single,22
2,simple_tgp_single,28
2,simple_tgp_single,20
3,simple_tgp_single,64
3,simple_tgp_single,118
3,simple_tgp_single,94
3,simple_tgp_single,106
3,simple_tgp_single,72
3,simple_tgp_single,80
3,simple_tgp_single,76
3,simple_tgp_single,60
3,simple_tgp_single,154
3,simple_tgp_single,56
3,simple_tgp_single,152
3,simple_tgp_single,102
3,simple_tgp_single,80
3,simple_tgp_single,56
3,simple_tgp_single,148
3,simple_tgp_single,112
3,simple_tgp_single,64
3,simple_tgp_single,84
3,simple_tgp_single,82
3,simple_tgp_single,104
3,simple_tgp_single,46
3,simple_tgp_single,82
3,simple_tgp_single,132
3,simple_tgp_single,104
3,simple_tgp_single,146
3,simple_tgp_single,202
3,simple_tgp_single,78
3,simple_tgp_single,86
3,simple_tgp_single,86
3,simple_tgp_single,92
4,simple_tgp_single,182
4,simple_tgp_single,246
4,simple_tgp_single,194
4,simple_tgp_single,130
4,simple_tgp_single,218
4,simple_tgp_single,226
4,simple_tgp_single,246
4,simple_tgp_single,342
4,simple_tgp_single,184
4,simple_tgp_single,266
4,simple_tgp_single,172
4,simple_tgp_single,568
4,simple_tgp_single,350
4,simple_tgp_single,190
4,simple_tgp_single,358
4,simple_tgp_single,222
4,simple_tgp_single,116
4,simple_tgp_single,250
4,simple_tgp_single,230
4,simple_tgp_single,336
4,simple_tgp_single,250
4,simple_tgp_single,198
4,simple_tgp_single,344
4,simple_tgp_single,294
4,simple_tgp_single,480
4,simple_tgp_single,384
4,simple_tgp_single,362
4,simple_tgp_single,240
4,simple_tgp_single,430
4,simple_tgp_single,204
5,simple_tgp_single,1378
5,simple_tgp_single,482
5,simple_tgp_single,982
5,simple_tgp_single,938
5,simple_tgp_single,720
5,simple_tgp_single,610
5,simple_tgp_single,728
5,simple_tgp_single,1306
5,simple_tgp_single,496
5,simple_tgp_single,850
5,simple_tgp_single,690
5,simple_tgp_single,582
5,simple_tgp_single,580
5,simple_tgp_single,482
5,simple_tgp_single,634
5,simple_tgp_single,914
5,simple_tgp_single,980
5,simple_tgp_single,694
5,simple_tgp_single,358
5,simple_tgp_single,860
5,simple_tgp_single,778
5,simple_tgp_single,654
5,simple_tgp_single,1796
5,simple_tgp_single,966
5,simple_tgp_single,886
5,simple_tgp_single,602
5,simple_tgp_single,608
5,simple_tgp_single,574
5,simple_tgp_single,458
5,simple_tgp_single,756
6,simple_tgp_single,1638
6,simple_tgp_single,3374
6,simple_tgp_single,1688
6,simple_tgp_single,1990
6,simple_tgp_single,3450
6,simple_tgp_single,2418
6,simple_tgp_single,1686
6,simple_tgp_single,1350
6,simple_tgp_single,2226
6,simple_tgp_single,1232
6,simple_tgp_single,2618
6,simple_tgp_single,3966
6,simple_tgp_single,2130
6,simple_tgp_single,4796
6,simple_tgp_single,2174
6,simple_tgp_single,2352
6,simple_tgp_single,3250
6,simple_tgp_single,2782
6,simple_tgp_single,2096
6,simple_tgp_single,2822
6,simple_tgp_single,1444
6,simple_tgp_single,1892
6,simple_tgp_single,4908
6,simple_tgp_single,2726
6,simple_tgp_single,1446
6,simple_tgp_single,4574
6,simple_tgp_single,3072
6,simple_tgp_single,2316
6,simple_tgp_single,2462
6,simple_tgp_single,2156
7,simple_tgp_single,10790
7,simple_tgp_single,4448
7,simple_tgp_single,5624
7,simple_tgp_single,16874
7,simple_tgp_single,4986
7,simple_tgp_single,8628
7,simple_tgp_single,7182
7,simple_tgp_single,6102
7,simple_tgp_single,5698
7,simple_tgp_single,15282
7,simple_tgp_single,9698
7,simple_tgp_single,7964
7,simple_tgp_single,8066
7,simple_tgp_single,7194
7,simple_tgp_single,6730
7,simple_tgp_single,7892
7,simple_tgp_single,5156
7,simple_tgp_single,20632
7,simple_tgp_single,7058
7,simple_tgp_single,14978
7,simple_tgp_single,25076
7,simple_tgp_single,11420
7,simple_tgp_single,14782
7,simple_tgp_single,9346
7,simple_tgp_single,6542
7,simple_tgp_single,12486
7,simple_tgp_single,8508
7,simple_tgp_single,3968
7,simple_tgp_single,35160
7,simple_tgp_single,18978
8,simple_tgp_single,38318
8,simple_tgp_single,28894
8,simple_tgp_single,27874
8,simple_tgp_single,35794
8,simple_tgp_single,22298
8,simple_tgp_single,40468
8,simple_tgp_single,30614
8,simple_tgp_single,36666
8,simple_tgp_single,40348
8,simple_tgp_single,82508
8,simple_tgp_single,35204
8,simple_tgp_single,127208
8,simple_tgp_single,25316
8,simple_tgp_single,23736
8,simple_tgp_single,26870
8,simple_tgp_single,40122
8,simple_tgp_single,48694
8,simple_tgp_single,22248
8,simple_tgp_single,24274
8,simple_tgp_single,68470
8,simple_tgp_single,26646
8,simple_tgp_single,43088
8,simple_tgp_single,40370
8,simple_tgp_single,47064
8,simple_tgp_single,71126
8,simple_tgp_single,32922
8,simple_tgp_single,33932
8,simple_tgp_single,37364
8,simple_tgp_single,40656
8,simple_tgp_single,21814
9,simple_tgp_single,74460
9,simple_tgp_single,73013
9,simple_tgp_single,147560
9,simple_tgp_single,83389
9,simple_tgp_single,86673
9,simple_tgp_single,40625
9,simple_tgp_single,41592
9,simple_tgp_single,147776
9,simple_tgp_single,72238
9,simple_tgp_single,122858
9,simple_tgp_single,62810
9,simple_tgp_single,72029
9,simple_tgp_single,56869
9,simple_tgp_single,141678
9,simple_tgp_single,126057
9,simple_tgp_single,45804
9,simple_tgp_single,106014
9,simple_tgp_single,74713
9,simple_tgp_single,56417
9,simple_tgp_single,80589
9,simple_tgp_single,44541
9,simple_tgp_single,128441
9,simple_tgp_single,94797
9,simple_tgp_single,60104
9,simple_tgp_single,141233
9,simple_tgp_single,114000
9,simple_tgp_single,88970
9,simple_tgp_single,49089
1,simple_cgp_sam,0
1,simple_cgp_sam,5
1,simple_cgp_sam,0
1,simple_cgp_sam,8
1,simple_cgp_sam,0
1,simple_cgp_sam,0
1,simple_cgp_sam,0
1,simple_cgp_sam,0
1,simple_cgp_sam,14
1,simple_cgp_sam,0
1,simple_cgp_sam,1
1,simple_cgp_sam,2
1,simple_cgp_sam,0
1,simple_cgp_sam,0
1,simple_cgp_sam,0
1,simple_cgp_sam,4
1,simple_cgp_sam,0
1,simple_cgp_sam,0
1,simple_cgp_sam,0
1,simple_cgp_sam,0
1,simple_cgp_sam,6
1,simple_cgp_sam,6
1,simple_cgp_sam,1
1,simple_cgp_sam,0
1,simple_cgp_sam,0
1,simple_cgp_sam,0
1,simple_cgp_sam,4
1,simple_cgp_sam,0
1,simple_cgp_sam,0
1,simple_cgp_sam,0
2,simple_cgp_sam,3
2,simple_cgp_sam,11
2,simple_cgp_sam,4
2,simple_cgp_sam,10
2,simple_cgp_sam,9
2,simple_cgp_sam,6
2,simple_cgp_sam,24
2,simple_cgp_sam,0
2,simple_cgp_sam,10
2,simple_cgp_sam,7
2,simple_cgp_sam,0
2,simple_cgp_sam,3
2,simple_cgp_sam,1
2,simple_cgp_sam,1
2,simple_cgp_sam,10
2,simple_cgp_sam,5
2,simple_cgp_sam,0
2,simple_cgp_sam,4
2,simple_cgp_sam,3
2,simple_cgp_sam,0
2,simple_cgp_sam,0
2,simple_cgp_sam,13
2,simple_cgp_sam,0
2,simple_cgp_sam,8
2,simple_cgp_sam,17
2,simple_cgp_sam,0
2,simple_cgp_sam,0
2,simple_cgp_sam,1
2,simple_cgp_sam,3
2,simple_cgp_sam,0
3,simple_cgp_sam,0
3,simple_cgp_sam,16
3,simple_cgp_sam,131
3,simple_cgp_sam,3
3,simple_cgp_sam,70
3,simple_cgp_sam,33
3,simple_cgp_sam,25
3,simple_cgp_sam,5
3,simple_cgp_sam,53
3,simple_cgp_sam,76
3,simple_cgp_sam,29
3,simple_cgp_sam,23
3,simple_cgp_sam,97
3,simple_cgp_sam,17
3,simple_cgp_sam,51
3,simple_cgp_sam,29
3,simple_cgp_sam,18
3,simple_cgp_sam,33
3,simple_cgp_sam,5
3,simple_cgp_sam,12
3,simple_cgp_sam,18
3,simple_cgp_sam,12
3,simple_cgp_sam,35
3,simple_cgp_sam,36
3,simple_cgp_sam,4
3,simple_cgp_sam,18
3,simple_cgp_sam,21
3,simple_cgp_sam,4
3,simple_cgp_sam,13
3,simple_cgp_sam,23
4,simple_cgp_sam,36
4,simple_cgp_sam,52
4,simple_cgp_sam,105
4,simple_cgp_sam,32
4,simple_cgp_sam,42
4,simple_cgp_sam,48
4,simple_cgp_sam,75
4,simple_cgp_sam,27
4,simple_cgp_sam,75
4,simple_cgp_sam,209
4,simple_cgp_sam,30
4,simple_cgp_sam,43
4,simple_cgp_sam,46
4,simple_cgp_sam,50
4,simple_cgp_sam,70
4,simple_cgp_sam,55
4,simple_cgp_sam,73
4,simple_cgp_sam,55
4,simple_cgp_sam,161
4,simple_cgp_sam,66
4,simple_cgp_sam,56
4,simple_cgp_sam,50
4,simple_cgp_sam,21
4,simple_cgp_sam,70
4,simple_cgp_sam,113
4,simple_cgp_sam,62
4,simple_cgp_sam,60
4,simple_cgp_sam,55
4,simple_cgp_sam,14
4,simple_cgp_sam,266
5,simple_cgp_sam,61
5,simple_cgp_sam,112
5,simple_cgp_sam,57
5,simple_cgp_sam,65
5,simple_cgp_sam,85
5,simple_cgp_sam,108
5,simple_cgp_sam,122
5,simple_cgp_sam,110
5,simple_cgp_sam,169
5,simple_cgp_sam,145
5,simple_cgp_sam,53
5,simple_cgp_sam,229
5,simple_cgp_sam,103
5,simple_cgp_sam,59
5,simple_cgp_sam,165
5,simple_cgp_sam,133
5,simple_cgp_sam,211
5,simple_cgp_sam,219
5,simple_cgp_sam,60
5,simple_cgp_sam,284
5,simple_cgp_sam,68
5,simple_cgp_sam,342
5,simple_cgp_sam,69
5,simple_cgp_sam,74
5,simple_cgp_sam,134
5,simple_cgp_sam,143
5,simple_cgp_sam,103
5,simple_cgp_sam,106
5,simple_cgp_sam,97
5,simple_cgp_sam,238
6,simple_cgp_sam,119
6,simple_cgp_sam,440
6,simple_cgp_sam,239
6,simple_cgp_sam,94
6,simple_cgp_sam,149
6,simple_cgp_sam,90
6,simple_cgp_sam,515
6,simple_cgp_sam,278
6,simple_cgp_sam,206
6,simple_cgp_sam,67
6,simple_cgp_sam,57
6,simple_cgp_sam,260
6,simple_cgp_sam,82
6,simple_cgp_sam,96
6,simple_cgp_sam,201
6,simple_cgp_sam,137
6,simple_cgp_sam,479
6,simple_cgp_sam,91
6,simple_cgp_sam,107
6,simple_cgp_sam,321
6,simple_cgp_sam,196
6,simple_cgp_sam,289
6,simple_cgp_sam,153
6,simple_cgp_sam,711
6,simple_cgp_sam,166
6,simple_cgp_sam,221
6,simple_cgp_sam,643
6,simple_cgp_sam,367
6,simple_cgp_sam,315
6,simple_cgp_sam,390
7,simple_cgp_sam,205
7,simple_cgp_sam,1146
7,simple_cgp_sam,1611
7,simple_cgp_sam,1473
7,simple_cgp_sam,216
7,simple_cgp_sam,180
7,simple_cgp_sam,1718
7,simple_cgp_sam,909
7,simple_cgp_sam,1443
7,simple_cgp_sam,417
7,simple_cgp_sam,463
7,simple_cgp_sam,2235
7,simple_cgp_sam,965
7,simple_cgp_sam,490
7,simple_cgp_sam,1225
7,simple_cgp_sam,2247
7,simple_cgp_sam,432
7,simple_cgp_sam,278
7,simple_cgp_sam,262
7,simple_cgp_sam,659
7,simple_cgp_sam,473
7,simple_cgp_sam,103
7,simple_cgp_sam,959
7,simple_cgp_sam,2323
7,simple_cgp_sam,285
7,simple_cgp_sam,278
7,simple_cgp_sam,1370
7,simple_cgp_sam,542
7,simple_cgp_sam,201
7,simple_cgp_sam,1016
8,simple_cgp_sam,2208
8,simple_cgp_sam,1181
8,simple_cgp_sam,1772
8,simple_cgp_sam,1082
8,simple_cgp_sam,1385
8,simple_cgp_sam,1286
8,simple_cgp_sam,1498
8,simple_cgp_sam,294
8,simple_cgp_sam,915
8,simple_cgp_sam,162
8,simple_cgp_sam,2325
8,simple_cgp_sam,3142
8,simple_cgp_sam,1616
8,simple_cgp_sam,3869
8,simple_cgp_sam,4058
8,simple_cgp_sam,9535
8,simple_cgp_sam,304
8,simple_cgp_sam,1620
8,simple_cgp_sam,1537
8,simple_cgp_sam,2038
8,simple_cgp_sam,206
8,simple_cgp_sam,439
8,simple_cgp_sam,996
8,simple_cgp_sam,3428
8,simple_cgp_sam,645
8,simple_cgp_sam,853
8,simple_cgp_sam,783
8,simple_cgp_sam,569
8,simple_cgp_sam,795
8,simple_cgp_sam,3036
9,simple_cgp_sam,529
9,simple_cgp_sam,2584
9,simple_cgp_sam,901
9,simple_cgp_sam,1718
9,simple_cgp_sam,2543
9,simple_cgp_sam,1025
9,simple_cgp_sam,1165
9,simple_cgp_sam,1810
9,simple_cgp_sam,3758
9,simple_cgp_sam,1344
9,simple_cgp_sam,3828
9,simple_cgp_sam,218
9,simple_cgp_sam,3381
9,simple_cgp_sam,5443
9,simple_cgp_sam,440
9,simple_cgp_sam,7101
9,simple_cgp_sam,1161
9,simple_cgp_sam,3020
9,simple_cgp_sam,2745
9,simple_cgp_sam,453
9,simple_cgp_sam,3197
9,simple_cgp_sam,1040
9,simple_cgp_sam,3382
9,simple_cgp_sam,4595
9,simple_cgp_sam,1652
9,simple_cgp_sam,1412
9,simple_cgp_sam,2539
9,simple_cgp_sam,1510
9,simple_cgp_sam,242
9,simple_cgp_sam,2702
10,simple_cgp_sam,318
10,simple_cgp_sam,1619
10,simple_cgp_sam,3089
10,simple_cgp_sam,6220
10,simple_cgp_sam,5285
10,simple_cgp_sam,822
10,simple_cgp_sam,2283
10,simple_cgp_sam,2728
10,simple_cgp_sam,644
10,simple_cgp_sam,4553
10,simple_cgp_sam,6979
10,simple_cgp_sam,7383
10,simple_cgp_sam,3316
10,simple_cgp_sam,4769
10,simple_cgp_sam,3637
10,simple_cgp_sam,4732
10,simple_cgp_sam,3590
10,simple_cgp_sam,740
10,simple_cgp_sam,4173
10,simple_cgp_sam,2580
10,simple_cgp_sam,1232
10,simple_cgp_sam,3020
10,simple_cgp_sam,13396
10,simple_cgp_sam,656
10,simple_cgp_sam,879
10,simple_cgp_sam,4349
10,simple_cgp_sam,616
10,simple_cgp_sam,11514
10,simple_cgp_sam,4030
10,simple_cgp_sam,1459
10,simple_cgp_prob,11256
10,simple_cgp_prob,3688
10,simple_cgp_prob,3518
10,simple_cgp_prob,3616
10,simple_cgp_prob,2911
10,simple_cgp_prob,3532
10,simple_cgp_prob,18905
10,simple_cgp_prob,5944
10,simple_cgp_prob,9399
10,simple_cgp_prob,5507
10,simple_cgp_prob,6015
10,simple_cgp_prob,3548
10,simple_cgp_prob,8080
10,simple_cgp_prob,3359
10,simple_cgp_prob,5318
10,simple_cgp_prob,2819
10,simple_cgp_prob,18388
10,simple_cgp_prob,1971
10,simple_cgp_prob,5494
10,simple_cgp_prob,3890
10,simple_cgp_prob,2274
10,simple_cgp_prob,6267
10,simple_cgp_prob,4388
10,simple_cgp_prob,4386
10,simple_cgp_prob,2767
10,simple_cgp_prob,6302
10,simple_cgp_prob,7441
10,simple_cgp_prob,6349
10,simple_cgp_prob,7455
10,simple_cgp_prob,8885
1,simple_cgp_prob,0
1,simple_cgp_prob,4
1,simple_cgp_prob,5
1,simple_cgp_prob,8
1,simple_cgp_prob,2
1,simple_cgp_prob,0
1,simple_cgp_prob,0
1,simple_cgp_prob,12
1,simple_cgp_prob,0
1,simple_cgp_prob,0
1,simple_cgp_prob,0
1,simple_cgp_prob,0
1,simple_cgp_prob,0
1,simple_cgp_prob,0
1,simple_cgp_prob,27
1,simple_cgp_prob,15
1,simple_cgp_prob,9
1,simple_cgp_prob,3
1,simple_cgp_prob,0
1,simple_cgp_prob,0
1,simple_cgp_prob,0
1,simple_cgp_prob,0
1,simple_cgp_prob,11
1,simple_cgp_prob,3
1,simple_cgp_prob,1
1,simple_cgp_prob,0
1,simple_cgp_prob,1
1,simple_cgp_prob,3
1,simple_cgp_prob,6
1,simple_cgp_prob,0
2,simple_cgp_prob,7
2,simple_cgp_prob,28
2,simple_cgp_prob,38
2,simple_cgp_prob,37
2,simple_cgp_prob,31
2,simple_cgp_prob,1
2,simple_cgp_prob,18
2,simple_cgp_prob,6
2,simple_cgp_prob,28
2,simple_cgp_prob,34
2,simple_cgp_prob,5
2,simple_cgp_prob,42
2,simple_cgp_prob,24
2,simple_cgp_prob,28
2,simple_cgp_prob,39
2,simple_cgp_prob,9
2,simple_cgp_prob,28
2,simple_cgp_prob,64
2,simple_cgp_prob,146
2,simple_cgp_prob,22
2,simple_cgp_prob,16
2,simple_cgp_prob,24
2,simple_cgp_prob,3
2,simple_cgp_prob,22
2,simple_cgp_prob,24
2,simple_cgp_prob,24
2,simple_cgp_prob,3
2,simple_cgp_prob,30
2,simple_cgp_prob,13
2,simple_cgp_prob,18
3,simple_cgp_prob,275
3,simple_cgp_prob,78
3,simple_cgp_prob,75
3,simple_cgp_prob,174
3,simple_cgp_prob,78
3,simple_cgp_prob,64
3,simple_cgp_prob,76
3,simple_cgp_prob,41
3,simple_cgp_prob,19
3,simple_cgp_prob,76
3,simple_cgp_prob,46
3,simple_cgp_prob,110
3,simple_cgp_prob,349
3,simple_cgp_prob,87
3,simple_cgp_prob,47
3,simple_cgp_prob,37
3,simple_cgp_prob,68
3,simple_cgp_prob,155
3,simple_cgp_prob,25
3,simple_cgp_prob,98
3,simple_cgp_prob,64
3,simple_cgp_prob,84
3,simple_cgp_prob,16
3,simple_cgp_prob,2
3,simple_cgp_prob,165
3,simple_cgp_prob,65
3,simple_cgp_prob,216
3,simple_cgp_prob,49
3,simple_cgp_prob,146
3,simple_cgp_prob,60
4,simple_cgp_prob,187
4,simple_cgp_prob,439
4,simple_cgp_prob,140
4,simple_cgp_prob,73
4,simple_cgp_prob,115
4,simple_cgp_prob,65
4,simple_cgp_prob,300
4,simple_cgp_prob,284
4,simple_cgp_prob,115
4,simple_cgp_prob,145
4,simple_cgp_prob,125
4,simple_cgp_prob,109
4,simple_cgp_prob,276
4,simple_cgp_prob,327
4,simple_cgp_prob,331
4,simple_cgp_prob,273
4,simple_cgp_prob,31
4,simple_cgp_prob,229
4,simple_cgp_prob,125
4,simple_cgp_prob,146
4,simple_cgp_prob,592
4,simple_cgp_prob,161
4,simple_cgp_prob,245
4,simple_cgp_prob,133
4,simple_cgp_prob,118
4,simple_cgp_prob,316
4,simple_cgp_prob,789
4,simple_cgp_prob,515
4,simple_cgp_prob,519
4,simple_cgp_prob,100
5,simple_cgp_prob,153
5,simple_cgp_prob,1161
5,simple_cgp_prob,810
5,simple_cgp_prob,416
5,simple_cgp_prob,624
5,simple_cgp_prob,274
5,simple_cgp_prob,42
5,simple_cgp_prob,823
5,simple_cgp_prob,335
5,simple_cgp_prob,1334
5,simple_cgp_prob,133
5,simple_cgp_prob,1072
5,simple_cgp_prob,128
5,simple_cgp_prob,802
5,simple_cgp_prob,370
5,simple_cgp_prob,451
5,simple_cgp_prob,517
5,simple_cgp_prob,96
5,simple_cgp_prob,627
5,simple_cgp_prob,359
5,simple_cgp_prob,424
5,simple_cgp_prob,113
5,simple_cgp_prob,312
5,simple_cgp_prob,235
5,simple_cgp_prob,636
5,simple_cgp_prob,559
5,simple_cgp_prob,1054
5,simple_cgp_prob,149
5,simple_cgp_prob,770
5,simple_cgp_prob,2025
6,simple_cgp_prob,442
6,simple_cgp_prob,1951
6,simple_cgp_prob,534
6,simple_cgp_prob,1086
6,simple_cgp_prob,317
6,simple_cgp_prob,330
6,simple_cgp_prob,457
6,simple_cgp_prob,1013
6,simple_cgp_prob,583
6,simple_cgp_prob,213
6,simple_cgp_prob,697
6,simple_cgp_prob,783
6,simple_cgp_prob,432
6,simple_cgp_prob,298
6,simple_cgp_prob,461
6,simple_cgp_prob,1262
6,simple_cgp_prob,235
6,simple_cgp_prob,5709
6,simple_cgp_prob,345
6,simple_cgp_prob,525
6,simple_cgp_prob,349
6,simple_cgp_prob,603
6,simple_cgp_prob,610
6,simple_cgp_prob,247
6,simple_cgp_prob,541
6,simple_cgp_prob,1010
6,simple_cgp_prob,800
6,simple_cgp_prob,1614
6,simple_cgp_prob,259
6,simple_cgp_prob,469
7,simple_cgp_prob,6000
7,simple_cgp_prob,493
7,simple_cgp_prob,913
7,simple_cgp_prob,2089
7,simple_cgp_prob,546
7,simple_cgp_prob,349
7,simple_cgp_prob,1129
7,simple_cgp_prob,647
7,simple_cgp_prob,1034
7,simple_cgp_prob,454
7,simple_cgp_prob,1279
7,simple_cgp_prob,1291
7,simple_cgp_prob,773
7,simple_cgp_prob,2299
7,simple_cgp_prob,514
7,simple_cgp_prob,767
7,simple_cgp_prob,483
7,simple_cgp_prob,845
7,simple_cgp_prob,1624
7,simple_cgp_prob,4311
7,simple_cgp_prob,850
7,simple_cgp_prob,1188
7,simple_cgp_prob,1180
7,simple_cgp_prob,3586
7,simple_cgp_prob,1159
7,simple_cgp_prob,464
7,simple_cgp_prob,1342
7,simple_cgp_prob,504
7,simple_cgp_prob,459
7,simple_cgp_prob,721
8,simple_cgp_prob,1720
8,simple_cgp_prob,629
8,simple_cgp_prob,3508
8,simple_cgp_prob,4396
8,simple_cgp_prob,3171
8,simple_cgp_prob,1021
8,simple_cgp_prob,1283
8,simple_cgp_prob,591
8,simple_cgp_prob,3313
8,simple_cgp_prob,856
8,simple_cgp_prob,858
8,simple_cgp_prob,5916
8,simple_cgp_prob,349
8,simple_cgp_prob,1836
8,simple_cgp_prob,1033
8,simple_cgp_prob,986
8,simple_cgp_prob,2364
8,simple_cgp_prob,1437
8,simple_cgp_prob,1861
8,simple_cgp_prob,1923
8,simple_cgp_prob,2089
8,simple_cgp_prob,2076
8,simple_cgp_prob,2489
8,simple_cgp_prob,609
8,simple_cgp_prob,798
8,simple_cgp_prob,724
8,simple_cgp_prob,542
8,simple_cgp_prob,4579
8,simple_cgp_prob,2436
8,simple_cgp_prob,916
9,simple_cgp_prob,13612
9,simple_cgp_prob,2713
9,simple_cgp_prob,893
9,simple_cgp_prob,1747
9,simple_cgp_prob,780
9,simple_cgp_prob,2305
9,simple_cgp_prob,9562
9,simple_cgp_prob,3507
9,simple_cgp_prob,1242
9,simple_cgp_prob,5048
9,simple_cgp_prob,1853
9,simple_cgp_prob,3919
9,simple_cgp_prob,4800
9,simple_cgp_prob,2868
9,simple_cgp_prob,2347
9,simple_cgp_prob,7817
9,simple_cgp_prob,1599
9,simple_cgp_prob,2218
9,simple_cgp_prob,1703
9,simple_cgp_prob,6201
9,simple_cgp_prob,6974
9,simple_cgp_prob,1715
9,simple_cgp_prob,9386
9,simple_cgp_prob,2809
9,simple_cgp_prob,2147
9,simple_cgp_prob,2259
9,simple_cgp_prob,9482
9,simple_cgp_prob,3407
9,simple_cgp_prob,3867
9,simple_cgp_prob,669










































































































































































































































































































































































































































































































































































































































































































































































































































































































































































































